{
  "project_info": {
    "project_number": "894707127914",
    "firebase_url": "https://arttest-eca03.firebaseio.com",
    "project_id": "arttest-eca03",
    "storage_bucket": "arttest-eca03.appspot.com"
  },
  "client": [
    {
      "client_info": {
        "mobilesdk_app_id": "1:894707127914:android:1a0bea5db68480be",
        "android_client_info": {
          "package_name": "com.example.art_a.lablogin"
        }
      },
      "oauth_client": [
        {
          "client_id": "894707127914-mujv97rc2s7fvt71cq6og4ne3v6isq4p.apps.googleusercontent.com",
          "client_type": 1,
          "android_info": {
            "package_name": "com.example.art_a.lablogin",
            "certificate_hash": "911e45552857819796e578be3dc50c3db22ff214"
          }
        },
        {
          "client_id": "894707127914-cbiml1ndrltlskptvmngercdhb1afaqc.apps.googleusercontent.com",
          "client_type": 3
        }
      ],
      "api_key": [
        {
          "current_key": "AIzaSyC5NVz4-Cx41RT6-sBiLlsvbiyuk9Pduio"
        }
      ],
      "services": {
        "analytics_service": {
          "status": 1
        },
        "appinvite_service": {
          "status": 2,
          "other_platform_oauth_client": [
            {
              "client_id": "894707127914-cbiml1ndrltlskptvmngercdhb1afaqc.apps.googleusercontent.com",
              "client_type": 3
            }
          ]
        },
        "ads_service": {
          "status": 2
        }
      }
    }
  ],
  "configuration_version": "1"
}