{
  "project_info": {
    "project_number": "768693657101",
    "firebase_url": "https://simpleblogapp-da4a5.firebaseio.com",
    "project_id": "simpleblogapp-da4a5",
    "storage_bucket": "simpleblogapp-da4a5.appspot.com"
  },
  "client": [
    {
      "client_info": {
        "mobilesdk_app_id": "1:768693657101:android:dd9aaf7e887d0de0",
        "android_client_info": {
          "package_name": "com.example.vaibhav.simpleblogapp"
        }
      },
      "oauth_client": [
        {
          "client_id": "768693657101-1fr984hncd2bd208mm2hp436qs9hrmt9.apps.googleusercontent.com",
          "client_type": 1,
          "android_info": {
            "package_name": "com.example.vaibhav.simpleblogapp",
            "certificate_hash": "7b0a8d5f29fcfd508a04c4c8c2b02ee331e4feff"
          }
        },
        {
          "client_id": "768693657101-9k9abk486eud1das9f828e4p7l59mohc.apps.googleusercontent.com",
          "client_type": 1,
          "android_info": {
            "package_name": "com.example.vaibhav.simpleblogapp",
            "certificate_hash": "22f472af043be36d6912d2d8e2ceaf2b7382ce0a"
          }
        },
        {
          "client_id": "768693657101-jmo5scebk7tkfisounqnou97scvgceot.apps.googleusercontent.com",
          "client_type": 1,
          "android_info": {
            "package_name": "com.example.vaibhav.simpleblogapp",
            "certificate_hash": "f1754f1da51e576c0f5118878413261a5f6dab84"
          }
        },
        {
          "client_id": "768693657101-outj3k296vkfudi7tfsdqhe10ki53tue.apps.googleusercontent.com",
          "client_type": 3
        }
      ],
      "api_key": [
        {
          "current_key": "AIzaSyBcrb_F_wQ2Zqnh_6wTRJ0d48IawLZ2UJg"
        }
      ],
      "services": {
        "analytics_service": {
          "status": 1
        },
        "appinvite_service": {
          "status": 2,
          "other_platform_oauth_client": [
            {
              "client_id": "768693657101-outj3k296vkfudi7tfsdqhe10ki53tue.apps.googleusercontent.com",
              "client_type": 3
            }
          ]
        },
        "ads_service": {
          "status": 2
        }
      }
    }
  ],
  "configuration_version": "1"
}