{
  "project_info": {
    "project_number": "915528408397",
    "firebase_url": "https://sharedkan-4d782.firebaseio.com",
    "project_id": "sharedkan-4d782",
    "storage_bucket": "sharedkan-4d782.appspot.com"
  },
  "client": [
    {
      "client_info": {
        "mobilesdk_app_id": "1:915528408397:android:97ce4264bef0218c",
        "android_client_info": {
          "package_name": "shobshared.sharedkan"
        }
      },
      "oauth_client": [
        {
          "client_id": "915528408397-8v5qfgu475jnobt6p1vp9ufovmroqj5u.apps.googleusercontent.com",
          "client_type": 3
        }
      ],
      "api_key": [
        {
          "current_key": "AIzaSyAU_RA4TYYHZeW64xrsxC6BasgPSUbgPIY"
        }
      ],
      "services": {
        "analytics_service": {
          "status": 1
        },
        "appinvite_service": {
          "status": 1,
          "other_platform_oauth_client": []
        },
        "ads_service": {
          "status": 2
        }
      }
    }
  ],
  "configuration_version": "1"
}